[{"model": "admin.logentry", "pk": 1, "fields": {"action_time": "2024-10-01T14:52:35.240Z", "user": 2, "content_type": 10, "object_id": "1", "object_repr": "자연환경기술사 - 33 - 2 - 조경계획 - 22 - 잔디의 기능", "action_flag": 2, "change_message": "[{\"changed\": {\"fields\": [\"Exam\", \"Subject\"]}}]"}}, {"model": "admin.logentry", "pk": 2, "fields": {"action_time": "2024-10-08T15:36:17.142Z", "user": 2, "content_type": 9, "object_id": "3", "object_repr": "33@33.com", "action_flag": 2, "change_message": "[{\"changed\": {\"fields\": [\"Active\", \"Nickname\"]}}]"}}, {"model": "auth.permission", "pk": 1, "fields": {"name": "Can add log entry", "content_type": 1, "codename": "add_logentry"}}, {"model": "auth.permission", "pk": 2, "fields": {"name": "Can change log entry", "content_type": 1, "codename": "change_logentry"}}, {"model": "auth.permission", "pk": 3, "fields": {"name": "Can delete log entry", "content_type": 1, "codename": "delete_logentry"}}, {"model": "auth.permission", "pk": 4, "fields": {"name": "Can view log entry", "content_type": 1, "codename": "view_logentry"}}, {"model": "auth.permission", "pk": 5, "fields": {"name": "Can add permission", "content_type": 2, "codename": "add_permission"}}, {"model": "auth.permission", "pk": 6, "fields": {"name": "Can change permission", "content_type": 2, "codename": "change_permission"}}, {"model": "auth.permission", "pk": 7, "fields": {"name": "Can delete permission", "content_type": 2, "codename": "delete_permission"}}, {"model": "auth.permission", "pk": 8, "fields": {"name": "Can view permission", "content_type": 2, "codename": "view_permission"}}, {"model": "auth.permission", "pk": 9, "fields": {"name": "Can add group", "content_type": 3, "codename": "add_group"}}, {"model": "auth.permission", "pk": 10, "fields": {"name": "Can change group", "content_type": 3, "codename": "change_group"}}, {"model": "auth.permission", "pk": 11, "fields": {"name": "Can delete group", "content_type": 3, "codename": "delete_group"}}, {"model": "auth.permission", "pk": 12, "fields": {"name": "Can view group", "content_type": 3, "codename": "view_group"}}, {"model": "auth.permission", "pk": 13, "fields": {"name": "Can add content type", "content_type": 4, "codename": "add_contenttype"}}, {"model": "auth.permission", "pk": 14, "fields": {"name": "Can change content type", "content_type": 4, "codename": "change_contenttype"}}, {"model": "auth.permission", "pk": 15, "fields": {"name": "Can delete content type", "content_type": 4, "codename": "delete_contenttype"}}, {"model": "auth.permission", "pk": 16, "fields": {"name": "Can view content type", "content_type": 4, "codename": "view_contenttype"}}, {"model": "auth.permission", "pk": 17, "fields": {"name": "Can add session", "content_type": 5, "codename": "add_session"}}, {"model": "auth.permission", "pk": 18, "fields": {"name": "Can change session", "content_type": 5, "codename": "change_session"}}, {"model": "auth.permission", "pk": 19, "fields": {"name": "Can delete session", "content_type": 5, "codename": "delete_session"}}, {"model": "auth.permission", "pk": 20, "fields": {"name": "Can view session", "content_type": 5, "codename": "view_session"}}, {"model": "auth.permission", "pk": 21, "fields": {"name": "Can add exam", "content_type": 6, "codename": "add_exam"}}, {"model": "auth.permission", "pk": 22, "fields": {"name": "Can change exam", "content_type": 6, "codename": "change_exam"}}, {"model": "auth.permission", "pk": 23, "fields": {"name": "Can delete exam", "content_type": 6, "codename": "delete_exam"}}, {"model": "auth.permission", "pk": 24, "fields": {"name": "Can view exam", "content_type": 6, "codename": "view_exam"}}, {"model": "auth.permission", "pk": 25, "fields": {"name": "Can add question", "content_type": 7, "codename": "add_question"}}, {"model": "auth.permission", "pk": 26, "fields": {"name": "Can change question", "content_type": 7, "codename": "change_question"}}, {"model": "auth.permission", "pk": 27, "fields": {"name": "Can delete question", "content_type": 7, "codename": "delete_question"}}, {"model": "auth.permission", "pk": 28, "fields": {"name": "Can view question", "content_type": 7, "codename": "view_question"}}, {"model": "auth.permission", "pk": 29, "fields": {"name": "Can add subject", "content_type": 8, "codename": "add_subject"}}, {"model": "auth.permission", "pk": 30, "fields": {"name": "Can change subject", "content_type": 8, "codename": "change_subject"}}, {"model": "auth.permission", "pk": 31, "fields": {"name": "Can delete subject", "content_type": 8, "codename": "delete_subject"}}, {"model": "auth.permission", "pk": 32, "fields": {"name": "Can view subject", "content_type": 8, "codename": "view_subject"}}, {"model": "auth.permission", "pk": 33, "fields": {"name": "Can add user", "content_type": 9, "codename": "add_customuser"}}, {"model": "auth.permission", "pk": 34, "fields": {"name": "Can change user", "content_type": 9, "codename": "change_customuser"}}, {"model": "auth.permission", "pk": 35, "fields": {"name": "Can delete user", "content_type": 9, "codename": "delete_customuser"}}, {"model": "auth.permission", "pk": 36, "fields": {"name": "Can view user", "content_type": 9, "codename": "view_customuser"}}, {"model": "auth.permission", "pk": 37, "fields": {"name": "Can add explanation", "content_type": 10, "codename": "add_explanation"}}, {"model": "auth.permission", "pk": 38, "fields": {"name": "Can change explanation", "content_type": 10, "codename": "change_explanation"}}, {"model": "auth.permission", "pk": 39, "fields": {"name": "Can delete explanation", "content_type": 10, "codename": "delete_explanation"}}, {"model": "auth.permission", "pk": 40, "fields": {"name": "Can view explanation", "content_type": 10, "codename": "view_explanation"}}, {"model": "auth.permission", "pk": 41, "fields": {"name": "Can add auth token", "content_type": 11, "codename": "add_authtoken"}}, {"model": "auth.permission", "pk": 42, "fields": {"name": "Can change auth token", "content_type": 11, "codename": "change_authtoken"}}, {"model": "auth.permission", "pk": 43, "fields": {"name": "Can delete auth token", "content_type": 11, "codename": "delete_authtoken"}}, {"model": "auth.permission", "pk": 44, "fields": {"name": "Can view auth token", "content_type": 11, "codename": "view_authtoken"}}, {"model": "auth.permission", "pk": 45, "fields": {"name": "Can add Password Reset Token", "content_type": 12, "codename": "add_resetpasswordtoken"}}, {"model": "auth.permission", "pk": 46, "fields": {"name": "Can change Password Reset Token", "content_type": 12, "codename": "change_resetpasswordtoken"}}, {"model": "auth.permission", "pk": 47, "fields": {"name": "Can delete Password Reset Token", "content_type": 12, "codename": "delete_resetpasswordtoken"}}, {"model": "auth.permission", "pk": 48, "fields": {"name": "Can view Password Reset Token", "content_type": 12, "codename": "view_resetpasswordtoken"}}, {"model": "auth.permission", "pk": 49, "fields": {"name": "Can add examnumber", "content_type": 13, "codename": "add_examnumber"}}, {"model": "auth.permission", "pk": 50, "fields": {"name": "Can change examnumber", "content_type": 13, "codename": "change_examnumber"}}, {"model": "auth.permission", "pk": 51, "fields": {"name": "Can delete examnumber", "content_type": 13, "codename": "delete_examnumber"}}, {"model": "auth.permission", "pk": 52, "fields": {"name": "Can view examnumber", "content_type": 13, "codename": "view_examnumber"}}, {"model": "auth.permission", "pk": 53, "fields": {"name": "Can add comment", "content_type": 14, "codename": "add_comment"}}, {"model": "auth.permission", "pk": 54, "fields": {"name": "Can change comment", "content_type": 14, "codename": "change_comment"}}, {"model": "auth.permission", "pk": 55, "fields": {"name": "Can delete comment", "content_type": 14, "codename": "delete_comment"}}, {"model": "auth.permission", "pk": 56, "fields": {"name": "Can view comment", "content_type": 14, "codename": "view_comment"}}, {"model": "auth.permission", "pk": 57, "fields": {"name": "Can add detailsubject", "content_type": 15, "codename": "add_detailsubject"}}, {"model": "auth.permission", "pk": 58, "fields": {"name": "Can change detailsubject", "content_type": 15, "codename": "change_detailsubject"}}, {"model": "auth.permission", "pk": 59, "fields": {"name": "Can delete detailsubject", "content_type": 15, "codename": "delete_detailsubject"}}, {"model": "auth.permission", "pk": 60, "fields": {"name": "Can view detailsubject", "content_type": 15, "codename": "view_detailsubject"}}, {"model": "auth.permission", "pk": 61, "fields": {"name": "Can add mainsubject", "content_type": 16, "codename": "add_mainsubject"}}, {"model": "auth.permission", "pk": 62, "fields": {"name": "Can change mainsubject", "content_type": 16, "codename": "change_mainsubject"}}, {"model": "auth.permission", "pk": 63, "fields": {"name": "Can delete mainsubject", "content_type": 16, "codename": "delete_mainsubject"}}, {"model": "auth.permission", "pk": 64, "fields": {"name": "Can view mainsubject", "content_type": 16, "codename": "view_mainsubject"}}, {"model": "auth.permission", "pk": 65, "fields": {"name": "Can add explanation view", "content_type": 17, "codename": "add_explanationview"}}, {"model": "auth.permission", "pk": 66, "fields": {"name": "Can change explanation view", "content_type": 17, "codename": "change_explanationview"}}, {"model": "auth.permission", "pk": 67, "fields": {"name": "Can delete explanation view", "content_type": 17, "codename": "delete_explanationview"}}, {"model": "auth.permission", "pk": 68, "fields": {"name": "Can view explanation view", "content_type": 17, "codename": "view_explanationview"}}, {"model": "contenttypes.contenttype", "pk": 1, "fields": {"app_label": "admin", "model": "logentry"}}, {"model": "contenttypes.contenttype", "pk": 2, "fields": {"app_label": "auth", "model": "permission"}}, {"model": "contenttypes.contenttype", "pk": 3, "fields": {"app_label": "auth", "model": "group"}}, {"model": "contenttypes.contenttype", "pk": 4, "fields": {"app_label": "contenttypes", "model": "contenttype"}}, {"model": "contenttypes.contenttype", "pk": 5, "fields": {"app_label": "sessions", "model": "session"}}, {"model": "contenttypes.contenttype", "pk": 6, "fields": {"app_label": "app", "model": "exam"}}, {"model": "contenttypes.contenttype", "pk": 7, "fields": {"app_label": "app", "model": "question"}}, {"model": "contenttypes.contenttype", "pk": 8, "fields": {"app_label": "app", "model": "subject"}}, {"model": "contenttypes.contenttype", "pk": 9, "fields": {"app_label": "app", "model": "customuser"}}, {"model": "contenttypes.contenttype", "pk": 10, "fields": {"app_label": "app", "model": "explanation"}}, {"model": "contenttypes.contenttype", "pk": 11, "fields": {"app_label": "knox", "model": "authtoken"}}, {"model": "contenttypes.contenttype", "pk": 12, "fields": {"app_label": "django_rest_passwordreset", "model": "resetpasswordtoken"}}, {"model": "contenttypes.contenttype", "pk": 13, "fields": {"app_label": "app", "model": "examnumber"}}, {"model": "contenttypes.contenttype", "pk": 14, "fields": {"app_label": "app", "model": "comment"}}, {"model": "contenttypes.contenttype", "pk": 15, "fields": {"app_label": "app", "model": "detailsubject"}}, {"model": "contenttypes.contenttype", "pk": 16, "fields": {"app_label": "app", "model": "mainsubject"}}, {"model": "contenttypes.contenttype", "pk": 17, "fields": {"app_label": "app", "model": "explanationview"}}, {"model": "sessions.session", "pk": "2e620at5blv05w5xhpedx7ige4i3plrf", "fields": {"session_data": ".eJxVjEEOwiAQRe_C2pAZwEZcuvcMBGYGqRpISrtqvLtt0oVu33v_ryrEZS5h6TKFkdVVGXX6ZSnSS-ou-Bnro2lqdZ7GpPdEH7bre2N5347276DEXra1ZTKQDYJJmBDiAMSYM4AhyXBmtnbj5DwbH1EcZScDo3OeLllsUp8v6kw4YA:1tQSrg:l347JMRFejfLBuXmxzIDWFbGWLQe-f0Y9t-ujCXNpoU", "expire_date": "2025-01-08T15:00:00.755Z"}}, {"model": "sessions.session", "pk": "hcfyqi5vqc0oi2ciokoo6r0471k7lhv1", "fields": {"session_data": ".eJxVjEEOwiAQRe_C2pAZwEZcuvcMBGYGqRpISrtqvLtt0oVu33v_ryrEZS5h6TKFkdVVGXX6ZSnSS-ou-Bnro2lqdZ7GpPdEH7bre2N5347276DEXra1ZTKQDYJJmBDiAMSYM4AhyXBmtnbj5DwbH1EcZScDo3OeLllsUp8v6kw4YA:1t6AJ3:bQ_Zo5M9n85UVTjdM5ds-yIR9IA8HBfOGm1p8tX8j98", "expire_date": "2024-11-13T15:08:21.994Z"}}, {"model": "sessions.session", "pk": "i9y3rogdm4ucvdgf59m23sjorvr7e3m3", "fields": {"session_data": ".eJxVjDsOwyAQRO9CHSGWBWxSpvcZLFiW4CQCyZ8qyt1jSy6Scua9mbcYw7aWcVt4HqckrkKLy28XAz25HiA9Qr03Sa2u8xTlociTLnJoiV-30_07KGEp-1rpHpQBMl71qHNnOxeBrHLAFHrKncsWiNEn2CMxoEGPYDhFtMob8fkCt9k3CA:1syBg1:RpRP24DhL4Il78ZZU1zgQoFY-OUf3eETXhMRLONUPNU", "expire_date": "2024-10-22T14:59:05.732Z"}}, {"model": "sessions.session", "pk": "mg1396y5xrnf9wp6p0dziwivi4siq6o7", "fields": {"session_data": ".eJxVjDsOwyAQRO9CHSGWBWxSpvcZLFiW4CQCyZ8qyt1jSy6Scua9mbcYw7aWcVt4HqckrkKLy28XAz25HiA9Qr03Sa2u8xTlociTLnJoiV-30_07KGEp-1rpHpQBMl71qHNnOxeBrHLAFHrKncsWiNEn2CMxoEGPYDhFtMob8fkCt9k3CA:1svXrg:2CQNklVjToemSi32JYO4UqIxNnxMTSx3RZbAtLG-0mQ", "expire_date": "2024-10-15T08:04:12.376Z"}}, {"model": "app.customuser", "pk": 1, "fields": {"password": "pbkdf2_sha256$870000$EpbKD3aGBCqapzVQhLucLE$y4l8+HwcmsePDjZ6kf6m+6AdAmRKh8fltzdfj5ISGeQ=", "last_login": null, "is_superuser": false, "first_name": "", "last_name": "", "is_staff": false, "is_active": true, "date_joined": "2024-10-01T04:22:44.449Z", "email": "22@22.com", "nickname": "22", "birthday": "2024-10-01", "username": "22", "address": null, "phone_number": null, "groups": [], "user_permissions": []}}, {"model": "app.customuser", "pk": 2, "fields": {"password": "pbkdf2_sha256$870000$xkYWrpDZ2QW02GYkg4wZJr$84ULDfO8+o4jygNmmLqrsIubBA8L6tXiSYiwDo3cPEU=", "last_login": "2024-12-25T15:00:00.741Z", "is_superuser": true, "first_name": "", "last_name": "", "is_staff": true, "is_active": true, "date_joined": "2024-10-01T08:03:59.868Z", "email": "11@11.com", "nickname": "해피데이", "birthday": "1991-03-14", "username": "11", "address": null, "phone_number": null, "groups": [], "user_permissions": []}}, {"model": "app.customuser", "pk": 3, "fields": {"password": "pbkdf2_sha256$870000$uCRmicdSPrZz8rCasXU6KI$qbiXHJZymUgJFpKq5zbuDYMEjiHK7HoPfu68CvIYC4U=", "last_login": null, "is_superuser": false, "first_name": "", "last_name": "", "is_staff": false, "is_active": true, "date_joined": "2024-10-08T15:03:08Z", "email": "33@33.com", "nickname": "33", "birthday": "2024-12-12", "username": "33", "address": "", "phone_number": "", "groups": [], "user_permissions": []}}, {"model": "app.exam", "pk": 1, "fields": {"examname": "조경기술사"}}, {"model": "app.exam", "pk": 2, "fields": {"examname": "자연환경기술사"}}, {"model": "app.exam", "pk": 3, "fields": {"examname": "도시계획기술사"}}, {"model": "app.exam", "pk": 4, "fields": {"examname": "건축시공기술사"}}, {"model": "app.examnumber", "pk": 1, "fields": {"exam": 1, "examnumber": 130, "year": 2024, "month": 4, "slug": "조경기술사(130회, 2024-4)"}}, {"model": "app.examnumber", "pk": 2, "fields": {"exam": 2, "examnumber": 134, "year": 2024, "month": 7, "slug": "자연환경관리기술사(130회, 2024-7)"}}, {"model": "app.question", "pk": 1, "fields": {"exam": 1, "examnumber": 1, "questionnumber1": 1, "questionnumber2": 1, "questiontext": "잔디의 기능", "slug": "130회 1-1. 잔디의 기능"}}, {"model": "app.question", "pk": 2, "fields": {"exam": 1, "examnumber": 1, "questionnumber1": 1, "questionnumber2": 2, "questiontext": "조경공사 시방서의 일반사항 중 시방서 작성요령", "slug": "130회 1-2. 조경공사 시방서의 일반사항 중 시방서 작성요령"}}, {"model": "app.question", "pk": 3, "fields": {"exam": 1, "examnumber": 1, "questionnumber1": 1, "questionnumber2": 3, "questiontext": "적지적수(適地適樹)", "slug": "130회 1-3. 적지적수(適地適樹)"}}, {"model": "app.question", "pk": 4, "fields": {"exam": 1, "examnumber": 1, "questionnumber1": 1, "questionnumber2": 4, "questiontext": "조경관리의 3요소", "slug": "130회 1-4. 조경관리의 3요소"}}, {"model": "app.question", "pk": 5, "fields": {"exam": 1, "examnumber": 1, "questionnumber1": 1, "questionnumber2": 5, "questiontext": "한국형 녹색 분류체계(K-Taxonomy)", "slug": "130회 1-5. 한국형 녹색 분류체계(K-Taxonomy)"}}, {"model": "app.question", "pk": 6, "fields": {"exam": 1, "examnumber": 1, "questionnumber1": 1, "questionnumber2": 6, "questiontext": "영구위조점과 일시위조점", "slug": "130회 1-6. 영구위조점과 일시위조점"}}, {"model": "app.question", "pk": 7, "fields": {"exam": 1, "examnumber": 1, "questionnumber1": 3, "questionnumber2": 1, "questiontext": "옥상조경의 필요성과 식재 시 고려사항을 설명하시오", "slug": "130회 3-1. 옥상조경의 필요성과 식재 시 고려사항을 설명하시오"}}, {"model": "app.question", "pk": 8, "fields": {"exam": 1, "examnumber": 1, "questionnumber1": 3, "questionnumber2": 2, "questiontext": "임해매립지 식재기반조성 방법 3가지와 특징에 대하여 설명", "slug": "130회 3-2. 임해매립지 식재기반조성 방법 3가지와 특징에 대하여 설명"}}, {"model": "app.question", "pk": 9, "fields": {"exam": 1, "examnumber": 1, "questionnumber1": 3, "questionnumber2": 5, "questiontext": "포장공사의 표층과 보조기층에 대하여 설명", "slug": "130회 3-5. 포장공사의 표층과 보조기층에 대하여 설명"}}, {"model": "app.question", "pk": 10, "fields": {"exam": 1, "examnumber": 1, "questionnumber1": 4, "questionnumber2": 3, "questiontext": "도급공사의 계약 유형에 대하여 설명", "slug": "130회 4-3. 도급공사의 계약 유형에 대하여 설명"}}, {"model": "app.mainsubject", "pk": 1, "fields": {"exam": 1, "mainnumber": 1, "mainname": "조경계획", "mainslug": "1.조경계획"}}, {"model": "app.mainsubject", "pk": 2, "fields": {"exam": 1, "mainnumber": 2, "mainname": "조경설계", "mainslug": "2.조경설계"}}, {"model": "app.mainsubject", "pk": 3, "fields": {"exam": 1, "mainnumber": 3, "mainname": "조경시공 및 관리", "mainslug": "3.조경시공 및 관리"}}, {"model": "app.mainsubject", "pk": 4, "fields": {"exam": 1, "mainnumber": 4, "mainname": "조경사업관리", "mainslug": "4.조경사업관리"}}, {"model": "app.mainsubject", "pk": 5, "fields": {"exam": 1, "mainnumber": 5, "mainname": "환경생태", "mainslug": "5.환경생태"}}, {"model": "app.mainsubject", "pk": 6, "fields": {"exam": 1, "mainnumber": 6, "mainname": "전통문화", "mainslug": "6.전통문화"}}, {"model": "app.detailsubject", "pk": 1, "fields": {"exam": 1, "mainslug": 1, "detailnumber": 1, "detailtitle": "조경영역에 대한 이해", "detailslug": "1-1.조경영역에 대한 이해"}}, {"model": "app.detailsubject", "pk": 2, "fields": {"exam": 1, "mainslug": 1, "detailnumber": 2, "detailtitle": "계획과정", "detailslug": "1-2.계획과정"}}, {"model": "app.detailsubject", "pk": 3, "fields": {"exam": 1, "mainslug": 1, "detailnumber": 3, "detailtitle": "타당성검토", "detailslug": "1-3.타당성검토"}}, {"model": "app.detailsubject", "pk": 4, "fields": {"exam": 1, "mainslug": 1, "detailnumber": 4, "detailtitle": "환경조사분석", "detailslug": "1-4.환경조사분석"}}, {"model": "app.detailsubject", "pk": 5, "fields": {"exam": 1, "mainslug": 1, "detailnumber": 5, "detailtitle": "조경기본구상", "detailslug": "1-5.조경기본구상"}}, {"model": "app.detailsubject", "pk": 6, "fields": {"exam": 1, "mainslug": 1, "detailnumber": 6, "detailtitle": "조경기본계획", "detailslug": "1-6.조경기본계획"}}, {"model": "app.detailsubject", "pk": 7, "fields": {"exam": 1, "mainslug": 2, "detailnumber": 1, "detailtitle": "설계방법론", "detailslug": "2-1.설계방법론"}}, {"model": "app.detailsubject", "pk": 8, "fields": {"exam": 1, "mainslug": 6, "detailnumber": 1, "detailtitle": "조경사", "detailslug": "6-1.조경사"}}, {"model": "app.detailsubject", "pk": 9, "fields": {"exam": 1, "mainslug": 3, "detailnumber": 10, "detailtitle": "조경식물보호관리", "detailslug": "3-10.조경식물보호관리"}}, {"model": "app.explanation", "pk": 1, "fields": {"exam": 3, "examnumber": 1, "question": 1, "nickname": 1, "explanation": "잔디란 녹시율을 높여준다", "date": "2024-10-01T05:55:00.934Z", "mainsubject": [], "detailsubject": [], "like": [], "bookmark": []}}, {"model": "app.explanation", "pk": 2, "fields": {"exam": 1, "examnumber": 1, "question": 2, "nickname": 2, "explanation": "조경공사 시방서 작성요령에 대한 6가지 일반사항은 다음과 같다.\r\n\r\n1. 목적 및 범위 명시\r\n시방서의 작성 목적과 적용 범위를 명확히 한다. 조경공사의 전반적인 요구사항을 정의한다.\r\n\r\n2. 용어 정의\r\n전문 용어 및 약어를 정의하여 이해를 돕는다. 시방서에서 사용하는 용어의 정확한 의미를 설명한다.\r\n\r\n3. 자재 및 장비 사양\r\n사용될 자재와 장비의 규격, 품질, 성능을 구체적으로 기술한다. 자재의 품질 기준을 명시하여 불량품 사용을 방지한다.\r\n\r\n4. 공사 방법 및 절차\r\n공사의 구체적인 수행 방법과 절차를 상세히 기술한다. 각 단계의 작업 내용을 명확히 하여 공사 진행 시 참고할 수 있도록 한다.\r\n\r\n5. 검사 및 시험 방법\r\n자재 및 작업 품질을 검사하기 위한 방법을 기술한다. 공정 완료 후 수행할 검사 항목과 절차를 명시한다.\r\n\r\n6. 안전 및 환경 고려 사항\r\n공사 진행 시 고려해야 할 안전 수칙 및 환경 보호 조치를 기술한다. 사고 예방 및 환경 보호를 위한 구체적인 지침을 포함한다.", "date": "2024-10-01T14:26:50.745Z", "mainsubject": [], "detailsubject": [], "like": [], "bookmark": []}}, {"model": "app.explanation", "pk": 3, "fields": {"exam": 1, "examnumber": 1, "question": 3, "nickname": 3, "explanation": "적지적수(適地適樹)란 적절한 장소에 적합한 나무를 심는다는 뜻으로 조경 및 수목관리의 원칙이다. 이 원칙은 조경설계 및 관리에서 효과적인 식물 선택과 배치를 할 수 있는데 기여하며 이를 위해 다음의 요소를 주요한 지표로서 확인할 수 있다.\r\n\r\n1. 환경 고려\r\n특정 지역의 기후, 토양, 수분 등 환경 조건에 적합한 나무를 선택한다.\r\n\r\n2. 식물 생태 이해\r\n나무의 생태적 요구사항(양분, 햇빛, 물 등)을 이해하고 이에 맞는 장소를 선정한다.\r\n\r\n3. 생장 가능성 극대화\r\n나무가 최적의 생장 환경에서 자랄 수 있도록 하여 건강한 생태계를 조성한다.\r\n\r\n4. 생태계 조화\r\n지역의 생태계와 조화를 이루는 나무를 선택하여 생물 다양성을 증진한다.\r\n\r\n5. 유지관리 효율성\r\n적절한 장소에 심어진 나무는 유지관리가 용이하며, 생육이 안정적이다.\r\n\r\n6. 경관 가치 증대\r\n적절한 수목 배치는 지역의 경관을 아름답게 하여 시각적 가치를 높인다.\r\n\r\n", "date": "2024-10-01T14:26:54.426Z", "mainsubject": [], "detailsubject": [], "like": [], "bookmark": []}}, {"model": "app.explanation", "pk": 4, "fields": {"exam": 1, "examnumber": 1, "question": 4, "nickname": 1, "explanation": "식물에 의한 수질 정화 효과는 식물이 물속의 오염물질을 제거하고 수질을 개선하는 과정을 의미하며, 주요한 내용은 다음과 같다. \r\n\r\n1. 영양소 흡수\r\n식물의 뿌리가 물속의 질소, 인 등의 영양소를 흡수하여 과다한 영양분을 줄인다.\r\n\r\n2. 오염물질 분해\r\n일부 식물은 물속의 유기 오염물질을 분해하는 미생물과 공생하여 오염을 감소시킨다.\r\n\r\n3. 수질 안정화\r\n식물은 수면을 덮어 수온 변화를 완화하고 수질을 안정화한다.\r\n\r\n4. 산소 공급\r\n광합성을 통해 산소를 생산하여 물속 생물의 생존 환경을 개선한다.\r\n\r\n5. 침전물 제거\r\n뿌리와 잎이 물속의 침전물을 포획하여 맑은 수질을 유지한다.\r\n\r\n6. 생물 서식지 제공\r\n식물은 물속 생물들에게 서식지를 제공하여 생태계를 풍부하게 만든다.\r\n\r\n이러한 식물의 수질 정화 효과는 자연 생태계의 건강을 유지하고 오염된 수역의 복원에 중요한 역할을 한다.", "date": "2024-10-01T14:33:51.863Z", "mainsubject": [], "detailsubject": [], "like": [3], "bookmark": []}}, {"model": "app.explanation", "pk": 5, "fields": {"exam": 1, "examnumber": 1, "question": 5, "nickname": 2, "explanation": "한국형 녹색 분류체계(K-Taxonomy)는 환경적 지속 가능성과 경제적 효율성을 동시에 고려하여 투자 및 금융 의사결정을 지원하는 체계이다. 이 체계의 주요 내용은 다음과 같다.\r\n\r\n1. 목적\r\n지속 가능한 발전을 위한 친환경 투자와 기업의 녹색 경영을 촉진한다.\r\n\r\n2. 기준\r\n환경적 영향을 최소화하고 사회적 책임을 다하는 기업과 산업을 구분하는 다양한 기준을 설정한다.\r\n\r\n3. 분류 체계\r\n에너지, 자원 효율성, 대기 및 수질 관리 등 여러 분야에서 기업과 프로젝트를 분류한다.\r\n\r\n4. 활용\r\n투자자와 금융기관이 친환경 프로젝트에 대한 정보를 쉽게 이해하고 평가할 수 있도록 지원한다.\r\n\r\n5. 지속 가능성\r\n녹색 기술과 서비스의 개발을 장려하고, 지속 가능한 산업 생태계를 조성한다.\r\n\r\n6. 글로벌 기준과 연계\r\n국제적인 녹색 분류 체계와 연계하여 글로벌 시장에서도 경쟁력을 갖추도록 한다.\r\n\r\n이러한 한국형 녹색 분류체계는 지속 가능한 발전을 위한 정책 수립과 투자 촉진에 중요한 역할을 한다.", "date": "2024-10-03T06:31:48.001Z", "mainsubject": [], "detailsubject": [], "like": [], "bookmark": []}}, {"model": "app.explanation", "pk": 6, "fields": {"exam": 1, "examnumber": 1, "question": 6, "nickname": 3, "explanation": "<p>&lt;영구위조점&gt; </p><p>영구위조점은 특정한 장소에서 해당 지역의 토양, 기후, 식물 등이 오랜 시간 동안 안정적으로 유지되어 지속적인 재배가 가능한 상태를 의미한다. </p><p>이 지점에서는 식물이 최적의 성장 조건을 갖추고 있으며, 농업 생산성이 높다.</p><p><br></p><p> &lt;일시위조점&gt; 일시위조점은 특정한 조건이 일시적으로 맞아떨어져 식물이 자랄 수 있는 장소를 뜻한다. </p><p>이러한 지점은 기후나 환경 변화에 따라 식물의 생장 조건이 불안정하여 지속적인 재배가 어려운 경우가 많다. </p><p>이 두 개념은 식물의 생장 및 농업 관리에서 중요한 요소로 작용하며, 지속 가능한 농업을 위한 기초 데이터로 활용된다.</p>", "date": "2024-10-03T06:35:16.392Z", "mainsubject": [3], "detailsubject": [9], "like": [1], "bookmark": []}}, {"model": "app.explanation", "pk": 7, "fields": {"exam": 1, "examnumber": 1, "question": 7, "nickname": 1, "explanation": "<옥상조경의 필요성>\r\n공간 활용: 도시에서의 부족한 녹지 공간을 확보할 수 있다.\r\n환경 개선: 대기 오염 저감 및 온도 조절을 통해 미세먼지와 열섬 현상을 완화한다.\r\n생태계 조성: 도시 생물 다양성을 증진시키고, 서식지를 제공한다.\r\n미관 향상: 경관을 아름답게 하여 생활 공간의 질을 높인다.\r\n에너지 절약: 건물의 단열 효과를 높여 냉난방 비용을 절감할 수 있다.\r\n스트레스 감소: 심리적 안정감을 주고 휴식 공간을 제공한다.\r\n\r\n<식재 시 고려사항>\r\n하중: 옥상의 구조적 안전성을 고려하여 식물과 흙의 하중을 계산한다.\r\n배수: 물빠짐을 고려한 배수 시스템을 설계하여 식물이 물빠짐에 문제가 없도록 한다.\r\n일조량: 식물의 생장에 필요한 충분한 일조량을 확보한다.\r\n식물 선택: 기후와 환경에 적합한 식물 종류를 선택하여 생장과 유지 관리가 용이하도록 한다.\r\n유지 관리: 정기적인 관리와 유지 보수를 계획하여 건강한 식물 생태계를 유지한다.\r\n생태적 연계: 주변 환경과의 조화를 이루도록 식재 계획을 세운다.", "date": "2024-10-03T14:31:53.981Z", "mainsubject": [], "detailsubject": [], "like": [3], "bookmark": []}}, {"model": "app.explanation", "pk": 8, "fields": {"exam": 1, "examnumber": 1, "question": 8, "nickname": null, "explanation": "임해매립지는 염분, 배수 불량, 토양 척박 등의 열악한 환경으로 인해 식물 생육이 어려움. 따라서 성공적인 식재를 위해서는 꼼꼼한 식재기반 조성이 필수적임. 일반적으로 사용되는 임해매립지 식재기반 조성 방법 3가지와 각각의 특징은 다음과 같음.\n\n1. 복토 (覆土) : 매립지 위에 양질의 토양을 덮어 식물이 자랄 수 있는 환경을 조성하는 방법\n장점: 비교적 간단하고 경제적인 방법이며, 다양한 식물을 식재 가능\n단점: 염분이 깊이 침투할 경우 효과가 떨어질 수 있으며, 많은 양의 토양이 필요\n적용 대상: 염분 농도가 낮고, 지하수위가 낮은 지역에 적합\n\n임해매립지 식재기반 조성 방법 3가지와 특징 설명\n임해매립지는 염분, 배수 불량, 토양 척박 등의 열악한 환경으로 인해 식물 생육이 어렵습니다. 따라서 성공적인 식재를 위해서는 꼼꼼한 식재기반 조성이 필수적입니다. 일반적으로 사용되는 임해매립지 식재기반 조성 방법 3가지와 각각의 특징에 대해 알아보겠습니다.\n\n1. 복토 (覆土)\n개념: 매립지 위에 양질의 토양을 덮어 식물이 자랄 수 있는 환경을 조성하는 방법입니다.\n\n장점: 비교적 간단하고 경제적인 방법이며, 다양한 식물을 식재할 수 있습니다.\n단점: 염분이 깊이 침투할 경우 효과가 떨어질 수 있으며, 많은 양의 토양이 필요합니다.\n적용 대상: 염분 농도가 낮고, 지하수위가 낮은 지역에 적합합니다.\n\n2. 마운딩 (Mounding)\n개념: 매립지 위에 흙을 쌓아 언덕을 만들고, 그 위에 식물을 식재하는 방법\n\n장점: 배수가 잘되고, 염분 피해를 줄일 수 있음 지형적인 변화를 통해 다양한 식생을 조성 가능\n단점: 공간 활용도가 낮아지고, 시공비 부담\n적용 대상: 염분 농도가 높거나, 지하수위가 높은 지역에 적합\n<서론>\n3. 염분 차단층 설치\n개념: 매립지와 식재 부분 사이에 염분이 이동하는 것을 차단하는 층을 설치하는 방법\n\n장점: 염분 피해를 효과적으로 방지할 수 있으며, 장기적인 식물 생육에 유리\n단점: 시공이 복잡하고, 고가의 시공비\n적용 대상: 염분 농도가 매우 높은 지역에 적합\n\n\n<본론>\n각 방법의 선택 기준\n\n염분 농도: 염분 농도가 높을수록 염분 차단층 설치가 필요\n지하수위: 지하수위가 높을수록 마운딩이 효과적\n예산: 복토가 가장 경제적이며, 염분 차단층 설치가 비경제적\n식재 규모: 대규모 식재에는 마운딩이 적합하고, 소규모 식재에는 복토가 적합\n\n주의사항\n\n토양 분석: 식재 전 반드시 토양 분석을 통해 염분 농도, pH, 유기물 함량 등을 확인 필요\n배수 시설: 배수가 잘 되도록 배수 시설을 설치\n식물 선정: 염분에 강한 식물을 선정\n정기적인 관리: 식재 후에도 정기적인 관리가 필요\n\n\n<결론>\n임해매립지 식재기반 조성은 단순히 흙을 덮는 것 이상의 복합적인 작업임. 토양 환경, 예산, 식재 목적 등 다양한 요소를 고려하여 최적의 방법을 선택해야함.", "date": "2024-10-28T15:35:19.097Z", "mainsubject": [1, 2, 3], "detailsubject": [4, 5, 6], "like": [], "bookmark": []}}, {"model": "app.comment", "pk": 1, "fields": {"content": "잘 보고 갑니다~", "created_at": "2024-10-04T11:57:41.557Z", "updated_at": "2024-10-04T11:57:41.557Z", "nickname": null, "examnumber": 1, "question": null, "mainsubject": null, "detailsubject": null, "explanation": 7, "like": []}}, {"model": "app.comment", "pk": 2, "fields": {"content": "잘 보고 갑니다~", "created_at": "2024-10-04T12:05:45.139Z", "updated_at": "2024-10-04T12:05:45.139Z", "nickname": null, "examnumber": 1, "question": null, "mainsubject": null, "detailsubject": null, "explanation": 1, "like": []}}, {"model": "app.comment", "pk": 3, "fields": {"content": "법규에 대하여 잘 설명하셨군요~!", "created_at": "2024-10-05T07:21:36.245Z", "updated_at": "2024-10-05T07:21:36.245Z", "nickname": null, "examnumber": 1, "question": null, "mainsubject": null, "detailsubject": null, "explanation": 5, "like": []}}, {"model": "app.comment", "pk": 4, "fields": {"content": "식재 유의사항이란 이런 것이군요~!", "created_at": "2024-10-06T02:50:48.548Z", "updated_at": "2024-10-06T02:50:48.548Z", "nickname": null, "examnumber": 1, "question": null, "mainsubject": null, "detailsubject": null, "explanation": 6, "like": []}}, {"model": "app.comment", "pk": 5, "fields": {"content": "좋은 정보 감사합니다!", "created_at": "2024-10-08T14:00:28.769Z", "updated_at": "2024-10-08T14:00:28.769Z", "nickname": null, "examnumber": 1, "question": null, "mainsubject": null, "detailsubject": null, "explanation": 7, "like": []}}, {"model": "app.comment", "pk": 6, "fields": {"content": "잘 봤어요^^", "created_at": "2024-10-08T14:03:40.122Z", "updated_at": "2024-10-08T14:03:40.122Z", "nickname": null, "examnumber": 1, "question": null, "mainsubject": null, "detailsubject": null, "explanation": 7, "like": []}}, {"model": "app.comment", "pk": 7, "fields": {"content": "유익한 자료 고맙습니다", "created_at": "2024-10-08T14:20:10.702Z", "updated_at": "2024-10-08T14:20:10.702Z", "nickname": 2, "examnumber": 1, "question": null, "mainsubject": null, "detailsubject": null, "explanation": 7, "like": []}}, {"model": "app.comment", "pk": 8, "fields": {"content": "잘보고 갑니다.", "created_at": "2024-12-26T11:33:11.323Z", "updated_at": "2024-12-26T11:33:11.323Z", "nickname": 3, "examnumber": null, "question": null, "mainsubject": null, "detailsubject": null, "explanation": 8, "like": []}}, {"model": "knox.authtoken", "pk": "a8902ec9fa61f3526acb63726e8bed09564ad7fdafd53d23e3cb68a96859176ec96ae51a6c656b21a12c2cf052db31c9413119254a0a7a59699e81d1744f5e79", "fields": {"token_key": "5f72e781ef31906", "user": 3, "created": "2024-12-26T11:32:58.832Z", "expiry": "2024-12-26T21:32:58.832Z"}}]